scenario,bocpd,prism
flat,-1,-1
flat,-1,-1
flat,-1,-1
flat,-1,-1
flat,-1,-1
flat,-1,-1
flat,-1,-1
flat,-1,-1
flat,-1,-1
flat,-1,-1
flat,-1,-1
flat,-1,-1
flat,-1,-1
flat,-1,-1
flat,-1,-1
flat,-1,-1
flat,-1,-1
flat,-1,-1
flat,-1,-1
flat,-1,24
flat,-1,-1
flat,-1,-1
flat,-1,-1
flat,6,6
flat,-1,-1
flat,-1,-1
flat,-1,-1
flat,-1,-1
flat,-1,-1
flat,-1,-1
flat,-1,39
flat,-1,-1
flat,-1,-1
flat,-1,-1
flat,-1,-1
flat,-1,-1
flat,-1,-1
flat,-1,35
flat,-1,-1
flat,-1,-1
flat,-1,21
flat,-1,-1
flat,-1,-1
flat,-1,-1
flat,-1,-1
flat,-1,-1
flat,-1,37
flat,-1,-1
flat,-1,-1
flat,-1,-1
flat,-1,-1
flat,-1,-1
flat,-1,-1
flat,-1,-1
flat,-1,-1
flat,-1,-1
flat,-1,-1
flat,-1,-1
flat,-1,-1
flat,-1,-1
flat,-1,-1
flat,-1,-1
flat,-1,-1
flat,-1,-1
flat,-1,-1
flat,-1,-1
flat,-1,-1
flat,-1,-1
flat,-1,-1
flat,-1,-1
flat,-1,-1
flat,-1,-1
flat,-1,-1
flat,-1,7
flat,-1,-1
flat,-1,-1
flat,-1,-1
flat,-1,-1
flat,-1,33
flat,9,9
gentle,-1,-1
gentle,-1,35
gentle,-1,-1
gentle,-1,36
gentle,-1,-1
gentle,-1,39
gentle,-1,38
gentle,-1,-1
gentle,-1,-1
gentle,-1,-1
gentle,-1,35
gentle,-1,36
gentle,-1,-1
gentle,-1,-1
gentle,-1,-1
gentle,-1,37
gentle,-1,-1
gentle,-1,-1
gentle,-1,-1
gentle,-1,24
gentle,-1,34
gentle,-1,34
gentle,-1,-1
gentle,6,6
gentle,-1,38
gentle,-1,36
gentle,-1,-1
gentle,-1,35
gentle,-1,36
gentle,-1,-1
gentle,-1,31
gentle,-1,39
gentle,-1,26
gentle,-1,-1
gentle,-1,38
gentle,-1,38
gentle,-1,-1
gentle,-1,33
gentle,-1,35
gentle,-1,37
gentle,-1,21
gentle,-1,-1
gentle,-1,-1
gentle,-1,-1
gentle,-1,34
gentle,-1,-1
gentle,-1,37
gentle,-1,35
gentle,-1,39
gentle,-1,34
gentle,-1,36
gentle,-1,37
gentle,-1,33
gentle,-1,35
gentle,-1,-1
gentle,-1,-1
gentle,-1,35
gentle,-1,35
gentle,-1,36
gentle,-1,38
gentle,-1,-1
gentle,-1,34
gentle,-1,37
gentle,-1,35
gentle,-1,39
gentle,-1,35
gentle,-1,38
gentle,-1,39
gentle,-1,37
gentle,-1,-1
gentle,-1,-1
gentle,-1,38
gentle,-1,-1
gentle,-1,7
gentle,-1,37
gentle,-1,-1
gentle,-1,36
gentle,-1,36
gentle,-1,31
gentle,9,9
mild,-1,34
mild,-1,32
mild,-1,35
mild,-1,34
mild,-1,35
mild,-1,32
mild,-1,31
mild,-1,36
mild,-1,36
mild,-1,34
mild,-1,33
mild,-1,34
mild,-1,33
mild,-1,36
mild,-1,34
mild,-1,33
mild,-1,35
mild,-1,32
mild,-1,36
mild,-1,24
mild,-1,32
mild,-1,32
mild,-1,35
mild,6,6
mild,-1,35
mild,-1,31
mild,-1,39
mild,-1,32
mild,-1,32
mild,-1,32
mild,-1,29
mild,-1,31
mild,-1,26
mild,-1,37
mild,-1,32
mild,-1,32
mild,-1,33
mild,-1,32
mild,-1,33
mild,-1,32
mild,-1,21
mild,-1,34
mild,-1,37
mild,-1,-1
mild,-1,32
mild,-1,34
mild,-1,32
mild,-1,32
mild,-1,35
mild,-1,32
mild,-1,32
mild,-1,33
mild,-1,32
mild,-1,31
mild,-1,35
mild,-1,31
mild,-1,33
mild,-1,30
mild,-1,33
mild,-1,35
mild,-1,35
mild,-1,32
mild,-1,34
mild,-1,33
mild,-1,34
mild,-1,32
mild,-1,32
mild,-1,32
mild,-1,33
mild,-1,35
mild,-1,37
mild,-1,35
mild,-1,34
mild,-1,7
mild,-1,33
mild,-1,35
mild,-1,34
mild,-1,32
mild,-1,30
mild,9,9
steep,-1,32
steep,-1,32
steep,-1,33
steep,-1,31
steep,-1,33
steep,-1,31
steep,-1,31
steep,-1,33
steep,-1,34
steep,-1,32
steep,-1,31
steep,-1,33
steep,-1,32
steep,-1,34
steep,-1,32
steep,-1,32
steep,-1,32
steep,-1,31
steep,-1,31
steep,-1,24
steep,-1,31
steep,-1,31
steep,-1,32
steep,6,6
steep,-1,32
steep,-1,30
steep,-1,33
steep,-1,31
steep,-1,31
steep,-1,32
steep,-1,29
steep,-1,30
steep,-1,26
steep,-1,32
steep,-1,31
steep,-1,31
steep,-1,31
steep,-1,29
steep,-1,32
steep,-1,31
steep,-1,21
steep,-1,31
steep,-1,33
steep,-1,35
steep,-1,31
steep,-1,31
steep,-1,31
steep,-1,30
steep,-1,32
steep,-1,31
steep,-1,31
steep,-1,31
steep,-1,32
steep,-1,29
steep,-1,34
steep,-1,31
steep,-1,31
steep,-1,30
steep,-1,32
steep,-1,33
steep,-1,33
steep,-1,30
steep,-1,33
steep,-1,32
steep,-1,33
steep,-1,31
steep,-1,31
steep,-1,30
steep,-1,32
steep,-1,31
steep,-1,30
steep,-1,32
steep,-1,32
steep,-1,7
steep,-1,32
steep,-1,33
steep,-1,31
steep,-1,31
steep,-1,29
steep,9,9
very_steep,-1,31
very_steep,-1,31
very_steep,-1,32
very_steep,-1,30
very_steep,-1,31
very_steep,-1,28
very_steep,-1,30
very_steep,-1,32
very_steep,-1,32
very_steep,-1,31
very_steep,-1,30
very_steep,-1,32
very_steep,-1,31
very_steep,-1,32
very_steep,-1,31
very_steep,-1,31
very_steep,-1,31
very_steep,-1,30
very_steep,-1,31
very_steep,-1,24
very_steep,-1,30
very_steep,-1,30
very_steep,-1,32
very_steep,6,6
very_steep,-1,31
very_steep,-1,29
very_steep,-1,32
very_steep,-1,30
very_steep,-1,30
very_steep,-1,31
very_steep,-1,28
very_steep,-1,30
very_steep,-1,26
very_steep,-1,31
very_steep,-1,30
very_steep,-1,31
very_steep,-1,30
very_steep,-1,28
very_steep,-1,31
very_steep,-1,30
very_steep,-1,21
very_steep,-1,31
very_steep,-1,32
very_steep,-1,32
very_steep,-1,30
very_steep,-1,31
very_steep,-1,31
very_steep,-1,30
very_steep,-1,31
very_steep,-1,30
very_steep,-1,30
very_steep,-1,30
very_steep,-1,31
very_steep,-1,29
very_steep,-1,32
very_steep,-1,31
very_steep,-1,30
very_steep,-1,29
very_steep,-1,31
very_steep,-1,32
very_steep,-1,31
very_steep,-1,30
very_steep,-1,32
very_steep,-1,31
very_steep,-1,32
very_steep,-1,31
very_steep,-1,31
very_steep,-1,30
very_steep,-1,31
very_steep,-1,30
very_steep,-1,30
very_steep,-1,31
very_steep,-1,31
very_steep,-1,7
very_steep,-1,31
very_steep,-1,32
very_steep,-1,31
very_steep,-1,30
very_steep,-1,28
very_steep,9,9
