scenario,bocpd_first,bocpd_filt_first,prism_adj_first,prism_adj_sig_first
none,-1,-1,-1,-1
none,-1,-1,-1,-1
none,-1,-1,-1,-1
none,-1,-1,-1,-1
none,-1,-1,-1,-1
none,-1,-1,-1,-1
none,-1,-1,-1,-1
none,-1,-1,-1,-1
none,-1,-1,-1,-1
none,-1,-1,30,30
none,-1,-1,37,37
none,-1,-1,-1,-1
none,-1,-1,-1,-1
none,-1,-1,22,-1
none,-1,-1,-1,-1
none,-1,-1,-1,-1
none,-1,-1,-1,-1
none,-1,-1,-1,-1
none,-1,-1,-1,-1
none,-1,-1,-1,-1
none,-1,-1,-1,-1
none,-1,-1,-1,-1
none,-1,-1,-1,-1
none,-1,-1,-1,-1
none,-1,-1,-1,-1
none,-1,-1,-1,-1
none,-1,-1,-1,-1
none,-1,-1,-1,-1
none,-1,-1,-1,-1
none,-1,-1,-1,-1
none,-1,-1,-1,-1
none,-1,-1,-1,-1
none,-1,-1,-1,-1
none,-1,-1,-1,-1
none,-1,-1,-1,-1
none,-1,-1,-1,-1
none,-1,-1,30,28
none,-1,-1,-1,-1
none,-1,-1,-1,-1
none,-1,-1,-1,-1
none,-1,-1,38,37
none,-1,-1,-1,-1
none,-1,-1,-1,-1
none,-1,-1,-1,-1
none,-1,-1,-1,-1
none,-1,-1,-1,-1
none,-1,-1,-1,-1
none,-1,-1,-1,-1
none,-1,-1,-1,-1
none,-1,-1,-1,-1
none,-1,-1,-1,-1
none,-1,-1,18,-1
none,-1,-1,-1,-1
none,-1,-1,-1,-1
none,-1,-1,-1,-1
none,-1,-1,-1,-1
none,-1,-1,-1,-1
none,-1,-1,-1,-1
none,-1,-1,-1,-1
none,-1,-1,-1,-1
none,-1,-1,-1,-1
none,-1,-1,-1,-1
none,-1,-1,-1,-1
none,-1,-1,-1,-1
none,-1,-1,-1,-1
none,-1,-1,32,-1
none,-1,-1,-1,-1
none,-1,-1,-1,-1
none,-1,-1,-1,-1
none,-1,-1,-1,-1
none,-1,-1,-1,-1
none,-1,-1,-1,-1
none,-1,-1,-1,-1
none,-1,-1,-1,-1
none,-1,-1,-1,-1
none,-1,-1,-1,-1
none,-1,-1,-1,-1
none,-1,-1,-1,-1
none,-1,-1,-1,-1
none,-1,-1,-1,-1
transient_up,24,24,24,-1
transient_up,24,-1,-1,-1
transient_up,24,-1,-1,-1
transient_up,24,-1,-1,-1
transient_up,24,-1,-1,-1
transient_up,24,-1,-1,-1
transient_up,24,-1,-1,-1
transient_up,24,-1,-1,-1
transient_up,24,-1,-1,-1
transient_up,24,-1,31,30
transient_up,24,-1,37,37
transient_up,24,-1,-1,-1
transient_up,24,-1,-1,-1
transient_up,24,-1,22,-1
transient_up,24,-1,-1,-1
transient_up,24,-1,-1,-1
transient_up,24,-1,-1,-1
transient_up,24,-1,-1,-1
transient_up,24,-1,-1,-1
transient_up,24,-1,-1,-1
transient_up,24,-1,-1,-1
transient_up,24,-1,-1,-1
transient_up,24,-1,-1,-1
transient_up,24,-1,-1,-1
transient_up,24,-1,29,-1
transient_up,24,-1,-1,-1
transient_up,24,-1,-1,-1
transient_up,24,-1,-1,-1
transient_up,24,-1,-1,-1
transient_up,24,-1,-1,-1
transient_up,24,-1,-1,-1
transient_up,24,-1,-1,-1
transient_up,24,-1,-1,-1
transient_up,24,-1,-1,-1
transient_up,24,-1,-1,-1
transient_up,24,-1,-1,-1
transient_up,24,-1,-1,-1
transient_up,24,-1,-1,-1
transient_up,24,24,24,29
transient_up,24,-1,-1,-1
transient_up,24,-1,38,37
transient_up,24,-1,-1,-1
transient_up,24,-1,-1,-1
transient_up,24,-1,-1,-1
transient_up,24,-1,-1,-1
transient_up,24,-1,-1,-1
transient_up,24,-1,-1,-1
transient_up,24,-1,-1,-1
transient_up,24,-1,-1,-1
transient_up,24,-1,-1,-1
transient_up,24,-1,-1,-1
transient_up,24,-1,18,-1
transient_up,24,-1,-1,-1
transient_up,24,-1,-1,-1
transient_up,24,-1,-1,-1
transient_up,24,-1,-1,-1
transient_up,24,-1,-1,-1
transient_up,24,24,24,-1
transient_up,24,-1,-1,-1
transient_up,24,-1,-1,-1
transient_up,24,-1,-1,-1
transient_up,24,-1,-1,-1
transient_up,24,-1,-1,-1
transient_up,24,-1,-1,-1
transient_up,24,-1,-1,-1
transient_up,24,24,24,-1
transient_up,24,-1,-1,-1
transient_up,24,-1,-1,-1
transient_up,24,-1,-1,-1
transient_up,24,-1,-1,-1
transient_up,24,-1,-1,-1
transient_up,24,-1,-1,-1
transient_up,24,-1,-1,-1
transient_up,24,-1,-1,-1
transient_up,24,24,24,29
transient_up,24,-1,-1,-1
transient_up,24,-1,-1,-1
transient_up,24,-1,-1,-1
transient_up,24,-1,-1,-1
transient_up,24,-1,-1,-1
transient_dn,24,-1,-1,-1
transient_dn,24,-1,-1,-1
transient_dn,24,-1,-1,-1
transient_dn,24,-1,-1,-1
transient_dn,24,-1,-1,-1
transient_dn,24,-1,-1,-1
transient_dn,24,-1,-1,-1
transient_dn,24,-1,-1,-1
transient_dn,24,-1,-1,-1
transient_dn,24,-1,30,30
transient_dn,24,-1,37,37
transient_dn,24,-1,-1,-1
transient_dn,24,-1,-1,-1
transient_dn,24,-1,22,-1
transient_dn,24,-1,-1,-1
transient_dn,24,-1,-1,-1
transient_dn,24,-1,-1,-1
transient_dn,24,-1,-1,-1
transient_dn,24,-1,-1,-1
transient_dn,24,-1,-1,-1
transient_dn,24,-1,-1,-1
transient_dn,24,-1,-1,-1
transient_dn,24,-1,-1,-1
transient_dn,24,-1,-1,-1
transient_dn,24,-1,-1,-1
transient_dn,24,-1,-1,-1
transient_dn,24,-1,-1,-1
transient_dn,24,-1,-1,-1
transient_dn,24,-1,-1,-1
transient_dn,24,-1,-1,-1
transient_dn,24,-1,-1,-1
transient_dn,24,-1,-1,-1
transient_dn,24,-1,-1,-1
transient_dn,24,-1,-1,-1
transient_dn,24,-1,-1,-1
transient_dn,24,-1,-1,-1
transient_dn,24,-1,30,29
transient_dn,24,-1,-1,-1
transient_dn,24,24,24,-1
transient_dn,24,-1,-1,-1
transient_dn,24,-1,38,37
transient_dn,24,-1,-1,-1
transient_dn,24,-1,-1,-1
transient_dn,24,-1,-1,-1
transient_dn,24,-1,-1,-1
transient_dn,24,-1,-1,-1
transient_dn,24,-1,-1,-1
transient_dn,24,-1,-1,-1
transient_dn,24,-1,-1,-1
transient_dn,24,-1,-1,-1
transient_dn,24,-1,-1,-1
transient_dn,24,-1,18,-1
transient_dn,24,-1,-1,-1
transient_dn,24,-1,-1,-1
transient_dn,24,-1,-1,-1
transient_dn,24,-1,-1,-1
transient_dn,24,-1,-1,-1
transient_dn,24,24,24,-1
transient_dn,24,-1,-1,-1
transient_dn,24,-1,-1,-1
transient_dn,24,-1,-1,-1
transient_dn,24,-1,-1,-1
transient_dn,24,-1,-1,-1
transient_dn,24,-1,-1,-1
transient_dn,24,-1,-1,-1
transient_dn,24,-1,32,-1
transient_dn,24,-1,-1,-1
transient_dn,24,-1,-1,-1
transient_dn,24,-1,26,-1
transient_dn,24,-1,-1,-1
transient_dn,24,-1,-1,-1
transient_dn,24,-1,-1,-1
transient_dn,24,-1,-1,-1
transient_dn,24,-1,-1,-1
transient_dn,24,-1,-1,-1
transient_dn,24,-1,-1,-1
transient_dn,24,-1,-1,-1
transient_dn,24,-1,-1,-1
transient_dn,24,-1,-1,-1
transient_dn,24,-1,-1,-1
gradual,-1,-1,31,31
gradual,-1,-1,35,36
gradual,-1,-1,32,31
gradual,-1,-1,32,33
gradual,-1,-1,30,30
gradual,-1,25,32,31
gradual,-1,-1,32,32
gradual,-1,-1,34,33
gradual,-1,-1,33,33
gradual,-1,-1,29,28
gradual,-1,-1,29,30
gradual,-1,-1,34,34
gradual,-1,-1,31,31
gradual,-1,-1,22,30
gradual,-1,-1,33,33
gradual,-1,-1,31,31
gradual,-1,-1,32,32
gradual,-1,-1,32,31
gradual,-1,-1,29,32
gradual,-1,-1,33,33
gradual,-1,-1,31,30
gradual,-1,-1,30,30
gradual,-1,-1,33,33
gradual,-1,-1,32,31
gradual,-1,-1,32,31
gradual,-1,-1,32,32
gradual,-1,-1,37,37
gradual,-1,-1,32,31
gradual,-1,-1,31,30
gradual,-1,-1,32,32
gradual,-1,-1,32,32
gradual,-1,-1,31,31
gradual,-1,-1,32,32
gradual,-1,-1,34,36
gradual,-1,-1,34,33
gradual,-1,-1,31,30
gradual,-1,-1,28,28
gradual,-1,-1,33,33
gradual,-1,-1,31,30
gradual,-1,-1,33,32
gradual,-1,-1,32,32
gradual,-1,-1,30,30
gradual,-1,-1,30,32
gradual,-1,-1,31,33
gradual,-1,-1,30,30
gradual,-1,-1,34,33
gradual,-1,-1,30,29
gradual,-1,-1,33,33
gradual,-1,-1,33,34
gradual,-1,-1,32,33
gradual,-1,-1,33,33
gradual,-1,-1,18,34
gradual,-1,-1,32,32
gradual,-1,-1,30,31
gradual,-1,-1,31,32
gradual,-1,-1,32,31
gradual,-1,-1,31,31
gradual,-1,-1,35,35
gradual,-1,-1,31,30
gradual,-1,-1,32,31
gradual,-1,-1,32,31
gradual,-1,-1,32,32
gradual,-1,-1,33,34
gradual,-1,-1,34,34
gradual,-1,-1,30,29
gradual,-1,-1,29,29
gradual,-1,-1,31,31
gradual,-1,-1,33,33
gradual,-1,-1,26,32
gradual,-1,-1,34,35
gradual,-1,-1,33,33
gradual,-1,-1,31,31
gradual,-1,-1,34,34
gradual,-1,-1,33,33
gradual,-1,-1,31,32
gradual,-1,-1,34,33
gradual,-1,-1,29,30
gradual,-1,-1,36,36
gradual,-1,-1,31,30
gradual,-1,-1,34,34
subtle,-1,-1,35,35
subtle,-1,-1,39,39
subtle,-1,-1,32,32
subtle,-1,-1,37,36
subtle,-1,-1,31,32
subtle,-1,-1,34,34
subtle,-1,-1,35,35
subtle,-1,-1,38,38
subtle,-1,-1,37,36
subtle,-1,-1,29,28
subtle,-1,-1,29,31
subtle,-1,-1,-1,-1
subtle,-1,-1,31,36
subtle,-1,-1,22,33
subtle,-1,-1,-1,-1
subtle,-1,-1,34,33
subtle,-1,-1,34,34
subtle,-1,-1,33,37
subtle,-1,-1,37,39
subtle,-1,-1,36,39
subtle,-1,-1,32,36
subtle,-1,-1,32,32
subtle,-1,-1,39,39
subtle,-1,-1,34,38
subtle,-1,-1,34,34
subtle,-1,-1,34,34
subtle,-1,-1,-1,-1
subtle,-1,-1,33,35
subtle,-1,-1,32,37
subtle,-1,-1,35,-1
subtle,-1,-1,35,35
subtle,-1,-1,36,36
subtle,-1,-1,37,38
subtle,-1,-1,-1,-1
subtle,-1,-1,36,35
subtle,-1,-1,33,33
subtle,-1,-1,28,28
subtle,-1,-1,35,-1
subtle,-1,-1,33,33
subtle,-1,-1,-1,-1
subtle,-1,-1,35,34
subtle,-1,-1,32,31
subtle,-1,-1,29,37
subtle,-1,-1,34,37
subtle,-1,-1,33,33
subtle,-1,-1,36,36
subtle,-1,-1,31,32
subtle,-1,-1,36,35
subtle,-1,-1,36,36
subtle,-1,-1,36,35
subtle,-1,-1,-1,-1
subtle,-1,-1,18,37
subtle,-1,-1,36,37
subtle,-1,-1,35,35
subtle,-1,-1,35,36
subtle,-1,-1,39,39
subtle,-1,-1,38,38
subtle,-1,-1,-1,-1
subtle,-1,-1,35,35
subtle,-1,-1,33,39
subtle,-1,-1,33,34
subtle,-1,-1,35,35
subtle,-1,-1,38,37
subtle,-1,-1,38,-1
subtle,-1,-1,35,35
subtle,-1,-1,31,30
subtle,-1,-1,33,32
subtle,-1,-1,36,39
subtle,-1,-1,26,34
subtle,-1,-1,-1,-1
subtle,-1,-1,38,38
subtle,-1,-1,33,34
subtle,-1,-1,-1,-1
subtle,-1,-1,36,-1
subtle,-1,-1,33,33
subtle,-1,-1,36,35
subtle,-1,-1,31,31
subtle,-1,-1,-1,-1
subtle,-1,-1,32,33
subtle,-1,-1,35,-1
abrupt,24,24,24,26
abrupt,24,24,24,26
abrupt,24,24,24,25
abrupt,24,24,24,25
abrupt,24,24,24,25
abrupt,24,24,24,25
abrupt,24,24,24,25
abrupt,24,24,24,26
abrupt,24,24,24,26
abrupt,24,24,24,25
abrupt,24,24,24,24
abrupt,24,24,24,26
abrupt,24,24,24,25
abrupt,24,24,22,24
abrupt,24,24,24,26
abrupt,24,24,24,25
abrupt,24,24,24,26
abrupt,24,24,24,25
abrupt,24,24,24,25
abrupt,24,24,24,25
abrupt,24,24,24,25
abrupt,24,24,24,25
abrupt,24,24,24,26
abrupt,24,24,24,25
abrupt,24,24,24,24
abrupt,24,24,24,25
abrupt,24,24,24,27
abrupt,24,24,24,26
abrupt,24,24,24,25
abrupt,24,24,24,26
abrupt,24,24,24,26
abrupt,24,24,24,25
abrupt,24,24,24,26
abrupt,24,24,24,26
abrupt,24,24,24,26
abrupt,24,24,24,25
abrupt,24,24,24,25
abrupt,24,24,24,26
abrupt,24,24,24,25
abrupt,24,24,24,26
abrupt,24,24,24,25
abrupt,24,24,24,25
abrupt,24,24,24,25
abrupt,24,24,24,26
abrupt,24,24,24,25
abrupt,24,24,24,26
abrupt,24,24,24,25
abrupt,24,24,24,25
abrupt,24,24,24,26
abrupt,24,24,24,26
abrupt,24,24,24,26
abrupt,24,24,18,25
abrupt,24,24,24,25
abrupt,24,24,24,25
abrupt,24,24,24,25
abrupt,24,24,24,26
abrupt,24,24,24,25
abrupt,24,24,24,26
abrupt,24,24,24,25
abrupt,24,24,24,25
abrupt,24,24,24,26
abrupt,24,24,24,25
abrupt,24,24,24,26
abrupt,24,24,24,26
abrupt,24,24,24,25
abrupt,24,24,24,25
abrupt,24,24,24,25
abrupt,24,24,24,25
abrupt,24,24,24,26
abrupt,24,24,24,26
abrupt,24,24,24,26
abrupt,24,24,24,25
abrupt,24,24,24,26
abrupt,24,24,24,26
abrupt,24,24,24,25
abrupt,24,24,24,25
abrupt,24,24,24,25
abrupt,24,24,24,27
abrupt,24,24,24,25
abrupt,24,24,24,26
