run,scenario,view,first,detect,early,false,lead
0,gradual,severity_only,,False,False,False,
0,gradual,internal_only,31.0,False,False,False,
0,gradual,internal_sig,33.0,False,False,False,
1,gradual,severity_only,,False,False,False,
1,gradual,internal_only,33.0,False,False,False,
1,gradual,internal_sig,32.0,False,False,False,
2,gradual,severity_only,,False,False,False,
2,gradual,internal_only,31.0,False,False,False,
2,gradual,internal_sig,30.0,True,False,False,-6.0
3,gradual,severity_only,,False,False,False,
3,gradual,internal_only,30.0,True,False,False,-6.0
3,gradual,internal_sig,29.0,True,False,False,-5.0
4,gradual,severity_only,,False,False,False,
4,gradual,internal_only,32.0,False,False,False,
4,gradual,internal_sig,31.0,False,False,False,
5,gradual,severity_only,,False,False,False,
5,gradual,internal_only,31.0,False,False,False,
5,gradual,internal_sig,31.0,False,False,False,
6,gradual,severity_only,,False,False,False,
6,gradual,internal_only,36.0,False,False,False,
6,gradual,internal_sig,34.0,False,False,False,
7,gradual,severity_only,,False,False,False,
7,gradual,internal_only,32.0,False,False,False,
7,gradual,internal_sig,31.0,False,False,False,
8,gradual,severity_only,,False,False,False,
8,gradual,internal_only,32.0,False,False,False,
8,gradual,internal_sig,31.0,False,False,False,
9,gradual,severity_only,,False,False,False,
9,gradual,internal_only,31.0,False,False,False,
9,gradual,internal_sig,31.0,False,False,False,
10,gradual,severity_only,,False,False,False,
10,gradual,internal_only,31.0,False,False,False,
10,gradual,internal_sig,31.0,False,False,False,
11,gradual,severity_only,,False,False,False,
11,gradual,internal_only,31.0,False,False,False,
11,gradual,internal_sig,30.0,True,False,False,-6.0
12,gradual,severity_only,,False,False,False,
12,gradual,internal_only,34.0,False,False,False,
12,gradual,internal_sig,33.0,False,False,False,
13,gradual,severity_only,,False,False,False,
13,gradual,internal_only,32.0,False,False,False,
13,gradual,internal_sig,31.0,False,False,False,
14,gradual,severity_only,,False,False,False,
14,gradual,internal_only,36.0,False,False,False,
14,gradual,internal_sig,35.0,False,False,False,
15,gradual,severity_only,,False,False,False,
15,gradual,internal_only,31.0,False,False,False,
15,gradual,internal_sig,30.0,True,False,False,-6.0
16,gradual,severity_only,,False,False,False,
16,gradual,internal_only,32.0,False,False,False,
16,gradual,internal_sig,31.0,False,False,False,
17,gradual,severity_only,,False,False,False,
17,gradual,internal_only,37.0,False,False,False,
17,gradual,internal_sig,35.0,False,False,False,
18,gradual,severity_only,,False,False,False,
18,gradual,internal_only,32.0,False,False,False,
18,gradual,internal_sig,31.0,False,False,False,
19,gradual,severity_only,,False,False,False,
19,gradual,internal_only,34.0,False,False,False,
19,gradual,internal_sig,33.0,False,False,False,
20,gradual,severity_only,,False,False,False,
20,gradual,internal_only,33.0,False,False,False,
20,gradual,internal_sig,32.0,False,False,False,
21,gradual,severity_only,,False,False,False,
21,gradual,internal_only,33.0,False,False,False,
21,gradual,internal_sig,32.0,False,False,False,
22,gradual,severity_only,,False,False,False,
22,gradual,internal_only,32.0,False,False,False,
22,gradual,internal_sig,30.0,True,False,False,-6.0
23,gradual,severity_only,,False,False,False,
23,gradual,internal_only,35.0,False,False,False,
23,gradual,internal_sig,34.0,False,False,False,
24,gradual,severity_only,,False,False,False,
24,gradual,internal_only,33.0,False,False,False,
24,gradual,internal_sig,32.0,False,False,False,
25,gradual,severity_only,,False,False,False,
25,gradual,internal_only,30.0,True,False,False,-6.0
25,gradual,internal_sig,29.0,True,False,False,-5.0
26,gradual,severity_only,,False,False,False,
26,gradual,internal_only,31.0,False,False,False,
26,gradual,internal_sig,30.0,True,False,False,-6.0
27,gradual,severity_only,,False,False,False,
27,gradual,internal_only,31.0,False,False,False,
27,gradual,internal_sig,32.0,False,False,False,
28,gradual,severity_only,,False,False,False,
28,gradual,internal_only,33.0,False,False,False,
28,gradual,internal_sig,33.0,False,False,False,
29,gradual,severity_only,,False,False,False,
29,gradual,internal_only,34.0,False,False,False,
29,gradual,internal_sig,33.0,False,False,False,
30,gradual,severity_only,,False,False,False,
30,gradual,internal_only,32.0,False,False,False,
30,gradual,internal_sig,32.0,False,False,False,
31,gradual,severity_only,,False,False,False,
31,gradual,internal_only,32.0,False,False,False,
31,gradual,internal_sig,30.0,True,False,False,-6.0
32,gradual,severity_only,,False,False,False,
32,gradual,internal_only,30.0,True,False,False,-6.0
32,gradual,internal_sig,26.0,True,False,False,-2.0
33,gradual,severity_only,,False,False,False,
33,gradual,internal_only,34.0,False,False,False,
33,gradual,internal_sig,32.0,False,False,False,
34,gradual,severity_only,,False,False,False,
34,gradual,internal_only,33.0,False,False,False,
34,gradual,internal_sig,34.0,False,False,False,
35,gradual,severity_only,,False,False,False,
35,gradual,internal_only,30.0,True,False,False,-6.0
35,gradual,internal_sig,30.0,True,False,False,-6.0
36,gradual,severity_only,,False,False,False,
36,gradual,internal_only,27.0,True,False,False,-3.0
36,gradual,internal_sig,25.0,True,False,False,-1.0
37,gradual,severity_only,,False,False,False,
37,gradual,internal_only,34.0,False,False,False,
37,gradual,internal_sig,33.0,False,False,False,
38,gradual,severity_only,,False,False,False,
38,gradual,internal_only,30.0,True,False,False,-6.0
38,gradual,internal_sig,18.0,False,False,True,
39,gradual,severity_only,,False,False,False,
39,gradual,internal_only,29.0,True,False,False,-5.0
39,gradual,internal_sig,29.0,True,False,False,-5.0
40,gradual,severity_only,,False,False,False,
40,gradual,internal_only,31.0,False,False,False,
40,gradual,internal_sig,30.0,True,False,False,-6.0
41,gradual,severity_only,,False,False,False,
41,gradual,internal_only,31.0,False,False,False,
41,gradual,internal_sig,30.0,True,False,False,-6.0
42,gradual,severity_only,,False,False,False,
42,gradual,internal_only,35.0,False,False,False,
42,gradual,internal_sig,34.0,False,False,False,
43,gradual,severity_only,,False,False,False,
43,gradual,internal_only,34.0,False,False,False,
43,gradual,internal_sig,34.0,False,False,False,
44,gradual,severity_only,,False,False,False,
44,gradual,internal_only,29.0,True,False,False,-5.0
44,gradual,internal_sig,27.0,True,False,False,-3.0
45,gradual,severity_only,,False,False,False,
45,gradual,internal_only,33.0,False,False,False,
45,gradual,internal_sig,32.0,False,False,False,
46,gradual,severity_only,,False,False,False,
46,gradual,internal_only,36.0,False,False,False,
46,gradual,internal_sig,35.0,False,False,False,
47,gradual,severity_only,,False,False,False,
47,gradual,internal_only,33.0,False,False,False,
47,gradual,internal_sig,32.0,False,False,False,
48,gradual,severity_only,,False,False,False,
48,gradual,internal_only,34.0,False,False,False,
48,gradual,internal_sig,33.0,False,False,False,
49,gradual,severity_only,,False,False,False,
49,gradual,internal_only,31.0,False,False,False,
49,gradual,internal_sig,30.0,True,False,False,-6.0
50,gradual,severity_only,,False,False,False,
50,gradual,internal_only,32.0,False,False,False,
50,gradual,internal_sig,32.0,False,False,False,
51,gradual,severity_only,,False,False,False,
51,gradual,internal_only,33.0,False,False,False,
51,gradual,internal_sig,32.0,False,False,False,
52,gradual,severity_only,,False,False,False,
52,gradual,internal_only,34.0,False,False,False,
52,gradual,internal_sig,34.0,False,False,False,
53,gradual,severity_only,,False,False,False,
53,gradual,internal_only,33.0,False,False,False,
53,gradual,internal_sig,32.0,False,False,False,
54,gradual,severity_only,,False,False,False,
54,gradual,internal_only,31.0,False,False,False,
54,gradual,internal_sig,31.0,False,False,False,
55,gradual,severity_only,,False,False,False,
55,gradual,internal_only,34.0,False,False,False,
55,gradual,internal_sig,33.0,False,False,False,
56,gradual,severity_only,,False,False,False,
56,gradual,internal_only,31.0,False,False,False,
56,gradual,internal_sig,30.0,True,False,False,-6.0
57,gradual,severity_only,,False,False,False,
57,gradual,internal_only,32.0,False,False,False,
57,gradual,internal_sig,32.0,False,False,False,
58,gradual,severity_only,,False,False,False,
58,gradual,internal_only,34.0,False,False,False,
58,gradual,internal_sig,33.0,False,False,False,
59,gradual,severity_only,,False,False,False,
59,gradual,internal_only,34.0,False,False,False,
59,gradual,internal_sig,32.0,False,False,False,
60,gradual,severity_only,,False,False,False,
60,gradual,internal_only,34.0,False,False,False,
60,gradual,internal_sig,33.0,False,False,False,
61,gradual,severity_only,,False,False,False,
61,gradual,internal_only,33.0,False,False,False,
61,gradual,internal_sig,33.0,False,False,False,
62,gradual,severity_only,,False,False,False,
62,gradual,internal_only,32.0,False,False,False,
62,gradual,internal_sig,30.0,True,False,False,-6.0
63,gradual,severity_only,,False,False,False,
63,gradual,internal_only,32.0,False,False,False,
63,gradual,internal_sig,31.0,False,False,False,
64,gradual,severity_only,,False,False,False,
64,gradual,internal_only,35.0,False,False,False,
64,gradual,internal_sig,34.0,False,False,False,
65,gradual,severity_only,,False,False,False,
65,gradual,internal_only,32.0,False,False,False,
65,gradual,internal_sig,31.0,False,False,False,
66,gradual,severity_only,,False,False,False,
66,gradual,internal_only,33.0,False,False,False,
66,gradual,internal_sig,32.0,False,False,False,
67,gradual,severity_only,,False,False,False,
67,gradual,internal_only,32.0,False,False,False,
67,gradual,internal_sig,31.0,False,False,False,
68,gradual,severity_only,,False,False,False,
68,gradual,internal_only,37.0,False,False,False,
68,gradual,internal_sig,36.0,False,False,False,
69,gradual,severity_only,,False,False,False,
69,gradual,internal_only,32.0,False,False,False,
69,gradual,internal_sig,32.0,False,False,False,
70,gradual,severity_only,,False,False,False,
70,gradual,internal_only,37.0,False,False,False,
70,gradual,internal_sig,37.0,False,False,False,
71,gradual,severity_only,,False,False,False,
71,gradual,internal_only,35.0,False,False,False,
71,gradual,internal_sig,34.0,False,False,False,
72,gradual,severity_only,,False,False,False,
72,gradual,internal_only,29.0,True,False,False,-5.0
72,gradual,internal_sig,28.0,True,False,False,-4.0
73,gradual,severity_only,,False,False,False,
73,gradual,internal_only,30.0,True,False,False,-6.0
73,gradual,internal_sig,29.0,True,False,False,-5.0
74,gradual,severity_only,,False,False,False,
74,gradual,internal_only,32.0,False,False,False,
74,gradual,internal_sig,31.0,False,False,False,
75,gradual,severity_only,,False,False,False,
75,gradual,internal_only,32.0,False,False,False,
75,gradual,internal_sig,31.0,False,False,False,
76,gradual,severity_only,,False,False,False,
76,gradual,internal_only,31.0,False,False,False,
76,gradual,internal_sig,30.0,True,False,False,-6.0
77,gradual,severity_only,,False,False,False,
77,gradual,internal_only,32.0,False,False,False,
77,gradual,internal_sig,32.0,False,False,False,
78,gradual,severity_only,,False,False,False,
78,gradual,internal_only,31.0,False,False,False,
78,gradual,internal_sig,30.0,True,False,False,-6.0
79,gradual,severity_only,,False,False,False,
79,gradual,internal_only,34.0,False,False,False,
79,gradual,internal_sig,33.0,False,False,False,
80,gradual,severity_only,,False,False,False,
80,gradual,internal_only,31.0,False,False,False,
80,gradual,internal_sig,30.0,True,False,False,-6.0
81,gradual,severity_only,,False,False,False,
81,gradual,internal_only,32.0,False,False,False,
81,gradual,internal_sig,31.0,False,False,False,
82,gradual,severity_only,,False,False,False,
82,gradual,internal_only,31.0,False,False,False,
82,gradual,internal_sig,31.0,False,False,False,
83,gradual,severity_only,,False,False,False,
83,gradual,internal_only,33.0,False,False,False,
83,gradual,internal_sig,34.0,False,False,False,
84,gradual,severity_only,,False,False,False,
84,gradual,internal_only,33.0,False,False,False,
84,gradual,internal_sig,32.0,False,False,False,
85,gradual,severity_only,,False,False,False,
85,gradual,internal_only,31.0,False,False,False,
85,gradual,internal_sig,31.0,False,False,False,
86,gradual,severity_only,,False,False,False,
86,gradual,internal_only,32.0,False,False,False,
86,gradual,internal_sig,31.0,False,False,False,
87,gradual,severity_only,,False,False,False,
87,gradual,internal_only,31.0,False,False,False,
87,gradual,internal_sig,28.0,True,False,False,-4.0
88,gradual,severity_only,,False,False,False,
88,gradual,internal_only,32.0,False,False,False,
88,gradual,internal_sig,31.0,False,False,False,
89,gradual,severity_only,,False,False,False,
89,gradual,internal_only,31.0,False,False,False,
89,gradual,internal_sig,30.0,True,False,False,-6.0
90,gradual,severity_only,,False,False,False,
90,gradual,internal_only,31.0,False,False,False,
90,gradual,internal_sig,30.0,True,False,False,-6.0
91,gradual,severity_only,,False,False,False,
91,gradual,internal_only,34.0,False,False,False,
91,gradual,internal_sig,33.0,False,False,False,
92,gradual,severity_only,,False,False,False,
92,gradual,internal_only,30.0,True,False,False,-6.0
92,gradual,internal_sig,32.0,False,False,False,
93,gradual,severity_only,,False,False,False,
93,gradual,internal_only,33.0,False,False,False,
93,gradual,internal_sig,32.0,False,False,False,
94,gradual,severity_only,,False,False,False,
94,gradual,internal_only,34.0,False,False,False,
94,gradual,internal_sig,33.0,False,False,False,
95,gradual,severity_only,,False,False,False,
95,gradual,internal_only,33.0,False,False,False,
95,gradual,internal_sig,32.0,False,False,False,
96,gradual,severity_only,,False,False,False,
96,gradual,internal_only,32.0,False,False,False,
96,gradual,internal_sig,31.0,False,False,False,
97,gradual,severity_only,,False,False,False,
97,gradual,internal_only,34.0,False,False,False,
97,gradual,internal_sig,33.0,False,False,False,
98,gradual,severity_only,,False,False,False,
98,gradual,internal_only,29.0,True,False,False,-5.0
98,gradual,internal_sig,30.0,True,False,False,-6.0
99,gradual,severity_only,,False,False,False,
99,gradual,internal_only,31.0,False,False,False,
99,gradual,internal_sig,31.0,False,False,False,
100,gradual,severity_only,,False,False,False,
100,gradual,internal_only,29.0,True,False,False,-5.0
100,gradual,internal_sig,28.0,True,False,False,-4.0
101,gradual,severity_only,,False,False,False,
101,gradual,internal_only,33.0,False,False,False,
101,gradual,internal_sig,32.0,False,False,False,
102,gradual,severity_only,,False,False,False,
102,gradual,internal_only,32.0,False,False,False,
102,gradual,internal_sig,31.0,False,False,False,
103,gradual,severity_only,,False,False,False,
103,gradual,internal_only,34.0,False,False,False,
103,gradual,internal_sig,33.0,False,False,False,
104,gradual,severity_only,,False,False,False,
104,gradual,internal_only,32.0,False,False,False,
104,gradual,internal_sig,32.0,False,False,False,
105,gradual,severity_only,,False,False,False,
105,gradual,internal_only,33.0,False,False,False,
105,gradual,internal_sig,32.0,False,False,False,
106,gradual,severity_only,,False,False,False,
106,gradual,internal_only,33.0,False,False,False,
106,gradual,internal_sig,32.0,False,False,False,
107,gradual,severity_only,,False,False,False,
107,gradual,internal_only,30.0,True,False,False,-6.0
107,gradual,internal_sig,29.0,True,False,False,-5.0
108,gradual,severity_only,,False,False,False,
108,gradual,internal_only,30.0,True,False,False,-6.0
108,gradual,internal_sig,29.0,True,False,False,-5.0
109,gradual,severity_only,,False,False,False,
109,gradual,internal_only,31.0,False,False,False,
109,gradual,internal_sig,30.0,True,False,False,-6.0
110,gradual,severity_only,,False,False,False,
110,gradual,internal_only,34.0,False,False,False,
110,gradual,internal_sig,33.0,False,False,False,
111,gradual,severity_only,,False,False,False,
111,gradual,internal_only,34.0,False,False,False,
111,gradual,internal_sig,33.0,False,False,False,
112,gradual,severity_only,,False,False,False,
112,gradual,internal_only,31.0,False,False,False,
112,gradual,internal_sig,30.0,True,False,False,-6.0
113,gradual,severity_only,,False,False,False,
113,gradual,internal_only,33.0,False,False,False,
113,gradual,internal_sig,32.0,False,False,False,
114,gradual,severity_only,,False,False,False,
114,gradual,internal_only,32.0,False,False,False,
114,gradual,internal_sig,32.0,False,False,False,
115,gradual,severity_only,,False,False,False,
115,gradual,internal_only,31.0,False,False,False,
115,gradual,internal_sig,31.0,False,False,False,
116,gradual,severity_only,,False,False,False,
116,gradual,internal_only,32.0,False,False,False,
116,gradual,internal_sig,31.0,False,False,False,
117,gradual,severity_only,,False,False,False,
117,gradual,internal_only,32.0,False,False,False,
117,gradual,internal_sig,31.0,False,False,False,
118,gradual,severity_only,,False,False,False,
118,gradual,internal_only,30.0,True,False,False,-6.0
118,gradual,internal_sig,30.0,True,False,False,-6.0
119,gradual,severity_only,,False,False,False,
119,gradual,internal_only,30.0,True,False,False,-6.0
119,gradual,internal_sig,29.0,True,False,False,-5.0
0,none,severity_only,,False,False,False,
0,none,internal_only,,False,False,False,
0,none,internal_sig,,False,False,False,
1,none,severity_only,,False,False,False,
1,none,internal_only,,False,False,False,
1,none,internal_sig,,False,False,False,
2,none,severity_only,,False,False,False,
2,none,internal_only,,False,False,False,
2,none,internal_sig,,False,False,False,
3,none,severity_only,,False,False,False,
3,none,internal_only,,False,False,False,
3,none,internal_sig,,False,False,False,
4,none,severity_only,,False,False,False,
4,none,internal_only,,False,False,False,
4,none,internal_sig,,False,False,False,
5,none,severity_only,,False,False,False,
5,none,internal_only,,False,False,False,
5,none,internal_sig,,False,False,False,
6,none,severity_only,,False,False,False,
6,none,internal_only,,False,False,False,
6,none,internal_sig,35.0,False,False,True,
7,none,severity_only,,False,False,False,
7,none,internal_only,,False,False,False,
7,none,internal_sig,,False,False,False,
8,none,severity_only,,False,False,False,
8,none,internal_only,,False,False,False,
8,none,internal_sig,,False,False,False,
9,none,severity_only,,False,False,False,
9,none,internal_only,,False,False,False,
9,none,internal_sig,,False,False,False,
10,none,severity_only,,False,False,False,
10,none,internal_only,,False,False,False,
10,none,internal_sig,,False,False,False,
11,none,severity_only,,False,False,False,
11,none,internal_only,,False,False,False,
11,none,internal_sig,,False,False,False,
12,none,severity_only,,False,False,False,
12,none,internal_only,,False,False,False,
12,none,internal_sig,,False,False,False,
13,none,severity_only,,False,False,False,
13,none,internal_only,,False,False,False,
13,none,internal_sig,,False,False,False,
14,none,severity_only,,False,False,False,
14,none,internal_only,22.0,False,False,True,
14,none,internal_sig,,False,False,False,
15,none,severity_only,,False,False,False,
15,none,internal_only,,False,False,False,
15,none,internal_sig,,False,False,False,
16,none,severity_only,,False,False,False,
16,none,internal_only,,False,False,False,
16,none,internal_sig,,False,False,False,
17,none,severity_only,,False,False,False,
17,none,internal_only,,False,False,False,
17,none,internal_sig,,False,False,False,
18,none,severity_only,,False,False,False,
18,none,internal_only,,False,False,False,
18,none,internal_sig,,False,False,False,
19,none,severity_only,,False,False,False,
19,none,internal_only,,False,False,False,
19,none,internal_sig,,False,False,False,
20,none,severity_only,,False,False,False,
20,none,internal_only,,False,False,False,
20,none,internal_sig,,False,False,False,
21,none,severity_only,,False,False,False,
21,none,internal_only,,False,False,False,
21,none,internal_sig,,False,False,False,
22,none,severity_only,,False,False,False,
22,none,internal_only,,False,False,False,
22,none,internal_sig,,False,False,False,
23,none,severity_only,,False,False,False,
23,none,internal_only,,False,False,False,
23,none,internal_sig,,False,False,False,
24,none,severity_only,,False,False,False,
24,none,internal_only,,False,False,False,
24,none,internal_sig,,False,False,False,
25,none,severity_only,,False,False,False,
25,none,internal_only,,False,False,False,
25,none,internal_sig,,False,False,False,
26,none,severity_only,,False,False,False,
26,none,internal_only,,False,False,False,
26,none,internal_sig,,False,False,False,
27,none,severity_only,,False,False,False,
27,none,internal_only,,False,False,False,
27,none,internal_sig,,False,False,False,
28,none,severity_only,,False,False,False,
28,none,internal_only,,False,False,False,
28,none,internal_sig,,False,False,False,
29,none,severity_only,,False,False,False,
29,none,internal_only,,False,False,False,
29,none,internal_sig,,False,False,False,
30,none,severity_only,,False,False,False,
30,none,internal_only,,False,False,False,
30,none,internal_sig,,False,False,False,
31,none,severity_only,,False,False,False,
31,none,internal_only,,False,False,False,
31,none,internal_sig,,False,False,False,
32,none,severity_only,,False,False,False,
32,none,internal_only,,False,False,False,
32,none,internal_sig,32.0,False,False,True,
33,none,severity_only,,False,False,False,
33,none,internal_only,,False,False,False,
33,none,internal_sig,,False,False,False,
34,none,severity_only,,False,False,False,
34,none,internal_only,,False,False,False,
34,none,internal_sig,,False,False,False,
35,none,severity_only,,False,False,False,
35,none,internal_only,,False,False,False,
35,none,internal_sig,,False,False,False,
36,none,severity_only,,False,False,False,
36,none,internal_only,,False,False,False,
36,none,internal_sig,,False,False,False,
37,none,severity_only,,False,False,False,
37,none,internal_only,,False,False,False,
37,none,internal_sig,,False,False,False,
38,none,severity_only,,False,False,False,
38,none,internal_only,,False,False,False,
38,none,internal_sig,,False,False,False,
39,none,severity_only,,False,False,False,
39,none,internal_only,,False,False,False,
39,none,internal_sig,,False,False,False,
40,none,severity_only,,False,False,False,
40,none,internal_only,,False,False,False,
40,none,internal_sig,,False,False,False,
41,none,severity_only,27.0,False,False,True,
41,none,internal_only,,False,False,False,
41,none,internal_sig,,False,False,False,
42,none,severity_only,,False,False,False,
42,none,internal_only,,False,False,False,
42,none,internal_sig,37.0,False,False,True,
43,none,severity_only,,False,False,False,
43,none,internal_only,,False,False,False,
43,none,internal_sig,,False,False,False,
44,none,severity_only,,False,False,False,
44,none,internal_only,,False,False,False,
44,none,internal_sig,,False,False,False,
45,none,severity_only,,False,False,False,
45,none,internal_only,,False,False,False,
45,none,internal_sig,,False,False,False,
46,none,severity_only,,False,False,False,
46,none,internal_only,,False,False,False,
46,none,internal_sig,,False,False,False,
47,none,severity_only,,False,False,False,
47,none,internal_only,,False,False,False,
47,none,internal_sig,,False,False,False,
48,none,severity_only,,False,False,False,
48,none,internal_only,,False,False,False,
48,none,internal_sig,,False,False,False,
49,none,severity_only,,False,False,False,
49,none,internal_only,36.0,False,False,True,
49,none,internal_sig,35.0,False,False,True,
50,none,severity_only,,False,False,False,
50,none,internal_only,,False,False,False,
50,none,internal_sig,,False,False,False,
51,none,severity_only,,False,False,False,
51,none,internal_only,,False,False,False,
51,none,internal_sig,,False,False,False,
52,none,severity_only,,False,False,False,
52,none,internal_only,,False,False,False,
52,none,internal_sig,,False,False,False,
53,none,severity_only,,False,False,False,
53,none,internal_only,,False,False,False,
53,none,internal_sig,,False,False,False,
54,none,severity_only,,False,False,False,
54,none,internal_only,,False,False,False,
54,none,internal_sig,,False,False,False,
55,none,severity_only,,False,False,False,
55,none,internal_only,,False,False,False,
55,none,internal_sig,,False,False,False,
56,none,severity_only,,False,False,False,
56,none,internal_only,35.0,False,False,True,
56,none,internal_sig,32.0,False,False,True,
57,none,severity_only,,False,False,False,
57,none,internal_only,,False,False,False,
57,none,internal_sig,,False,False,False,
58,none,severity_only,,False,False,False,
58,none,internal_only,,False,False,False,
58,none,internal_sig,,False,False,False,
59,none,severity_only,,False,False,False,
59,none,internal_only,,False,False,False,
59,none,internal_sig,,False,False,False,
60,none,severity_only,,False,False,False,
60,none,internal_only,19.0,False,False,True,
60,none,internal_sig,28.0,False,False,True,
61,none,severity_only,,False,False,False,
61,none,internal_only,,False,False,False,
61,none,internal_sig,,False,False,False,
62,none,severity_only,,False,False,False,
62,none,internal_only,,False,False,False,
62,none,internal_sig,,False,False,False,
63,none,severity_only,,False,False,False,
63,none,internal_only,,False,False,False,
63,none,internal_sig,,False,False,False,
64,none,severity_only,,False,False,False,
64,none,internal_only,,False,False,False,
64,none,internal_sig,,False,False,False,
65,none,severity_only,,False,False,False,
65,none,internal_only,,False,False,False,
65,none,internal_sig,,False,False,False,
66,none,severity_only,,False,False,False,
66,none,internal_only,,False,False,False,
66,none,internal_sig,,False,False,False,
67,none,severity_only,,False,False,False,
67,none,internal_only,28.0,False,False,True,
67,none,internal_sig,,False,False,False,
68,none,severity_only,,False,False,False,
68,none,internal_only,,False,False,False,
68,none,internal_sig,,False,False,False,
69,none,severity_only,,False,False,False,
69,none,internal_only,,False,False,False,
69,none,internal_sig,,False,False,False,
70,none,severity_only,,False,False,False,
70,none,internal_only,,False,False,False,
70,none,internal_sig,,False,False,False,
71,none,severity_only,,False,False,False,
71,none,internal_only,,False,False,False,
71,none,internal_sig,,False,False,False,
72,none,severity_only,,False,False,False,
72,none,internal_only,,False,False,False,
72,none,internal_sig,,False,False,False,
73,none,severity_only,,False,False,False,
73,none,internal_only,,False,False,False,
73,none,internal_sig,,False,False,False,
74,none,severity_only,,False,False,False,
74,none,internal_only,32.0,False,False,True,
74,none,internal_sig,,False,False,False,
75,none,severity_only,,False,False,False,
75,none,internal_only,,False,False,False,
75,none,internal_sig,,False,False,False,
76,none,severity_only,,False,False,False,
76,none,internal_only,,False,False,False,
76,none,internal_sig,,False,False,False,
77,none,severity_only,,False,False,False,
77,none,internal_only,33.0,False,False,True,
77,none,internal_sig,31.0,False,False,True,
78,none,severity_only,,False,False,False,
78,none,internal_only,20.0,False,False,True,
78,none,internal_sig,,False,False,False,
79,none,severity_only,8.0,False,False,True,
79,none,internal_only,8.0,False,False,True,
79,none,internal_sig,,False,False,False,
80,none,severity_only,,False,False,False,
80,none,internal_only,,False,False,False,
80,none,internal_sig,,False,False,False,
81,none,severity_only,,False,False,False,
81,none,internal_only,,False,False,False,
81,none,internal_sig,,False,False,False,
82,none,severity_only,,False,False,False,
82,none,internal_only,,False,False,False,
82,none,internal_sig,,False,False,False,
83,none,severity_only,,False,False,False,
83,none,internal_only,,False,False,False,
83,none,internal_sig,,False,False,False,
84,none,severity_only,,False,False,False,
84,none,internal_only,,False,False,False,
84,none,internal_sig,,False,False,False,
85,none,severity_only,,False,False,False,
85,none,internal_only,,False,False,False,
85,none,internal_sig,,False,False,False,
86,none,severity_only,,False,False,False,
86,none,internal_only,,False,False,False,
86,none,internal_sig,,False,False,False,
87,none,severity_only,,False,False,False,
87,none,internal_only,,False,False,False,
87,none,internal_sig,,False,False,False,
88,none,severity_only,,False,False,False,
88,none,internal_only,,False,False,False,
88,none,internal_sig,,False,False,False,
89,none,severity_only,,False,False,False,
89,none,internal_only,,False,False,False,
89,none,internal_sig,,False,False,False,
90,none,severity_only,,False,False,False,
90,none,internal_only,,False,False,False,
90,none,internal_sig,,False,False,False,
91,none,severity_only,,False,False,False,
91,none,internal_only,,False,False,False,
91,none,internal_sig,,False,False,False,
92,none,severity_only,,False,False,False,
92,none,internal_only,,False,False,False,
92,none,internal_sig,,False,False,False,
93,none,severity_only,,False,False,False,
93,none,internal_only,19.0,False,False,True,
93,none,internal_sig,,False,False,False,
94,none,severity_only,,False,False,False,
94,none,internal_only,,False,False,False,
94,none,internal_sig,,False,False,False,
95,none,severity_only,,False,False,False,
95,none,internal_only,,False,False,False,
95,none,internal_sig,,False,False,False,
96,none,severity_only,16.0,False,False,True,
96,none,internal_only,16.0,False,False,True,
96,none,internal_sig,,False,False,False,
97,none,severity_only,,False,False,False,
97,none,internal_only,,False,False,False,
97,none,internal_sig,,False,False,False,
98,none,severity_only,,False,False,False,
98,none,internal_only,,False,False,False,
98,none,internal_sig,,False,False,False,
99,none,severity_only,,False,False,False,
99,none,internal_only,,False,False,False,
99,none,internal_sig,,False,False,False,
100,none,severity_only,,False,False,False,
100,none,internal_only,,False,False,False,
100,none,internal_sig,,False,False,False,
101,none,severity_only,,False,False,False,
101,none,internal_only,,False,False,False,
101,none,internal_sig,,False,False,False,
102,none,severity_only,,False,False,False,
102,none,internal_only,,False,False,False,
102,none,internal_sig,,False,False,False,
103,none,severity_only,,False,False,False,
103,none,internal_only,,False,False,False,
103,none,internal_sig,,False,False,False,
104,none,severity_only,,False,False,False,
104,none,internal_only,,False,False,False,
104,none,internal_sig,,False,False,False,
105,none,severity_only,,False,False,False,
105,none,internal_only,,False,False,False,
105,none,internal_sig,,False,False,False,
106,none,severity_only,,False,False,False,
106,none,internal_only,,False,False,False,
106,none,internal_sig,,False,False,False,
107,none,severity_only,,False,False,False,
107,none,internal_only,,False,False,False,
107,none,internal_sig,,False,False,False,
108,none,severity_only,,False,False,False,
108,none,internal_only,,False,False,False,
108,none,internal_sig,,False,False,False,
109,none,severity_only,,False,False,False,
109,none,internal_only,,False,False,False,
109,none,internal_sig,,False,False,False,
110,none,severity_only,,False,False,False,
110,none,internal_only,,False,False,False,
110,none,internal_sig,,False,False,False,
111,none,severity_only,,False,False,False,
111,none,internal_only,,False,False,False,
111,none,internal_sig,,False,False,False,
112,none,severity_only,,False,False,False,
112,none,internal_only,,False,False,False,
112,none,internal_sig,,False,False,False,
113,none,severity_only,,False,False,False,
113,none,internal_only,,False,False,False,
113,none,internal_sig,,False,False,False,
114,none,severity_only,,False,False,False,
114,none,internal_only,,False,False,False,
114,none,internal_sig,,False,False,False,
115,none,severity_only,6.0,False,False,True,
115,none,internal_only,6.0,False,False,True,
115,none,internal_sig,,False,False,False,
116,none,severity_only,,False,False,False,
116,none,internal_only,,False,False,False,
116,none,internal_sig,,False,False,False,
117,none,severity_only,,False,False,False,
117,none,internal_only,,False,False,False,
117,none,internal_sig,,False,False,False,
118,none,severity_only,,False,False,False,
118,none,internal_only,,False,False,False,
118,none,internal_sig,,False,False,False,
119,none,severity_only,,False,False,False,
119,none,internal_only,,False,False,False,
119,none,internal_sig,,False,False,False,
0,sudden,severity_only,24.0,True,True,False,0.0
0,sudden,internal_only,24.0,True,True,False,0.0
0,sudden,internal_sig,25.0,True,False,False,-1.0
1,sudden,severity_only,24.0,True,True,False,0.0
1,sudden,internal_only,24.0,True,True,False,0.0
1,sudden,internal_sig,25.0,True,False,False,-1.0
2,sudden,severity_only,24.0,True,True,False,0.0
2,sudden,internal_only,24.0,True,True,False,0.0
2,sudden,internal_sig,24.0,True,True,False,0.0
3,sudden,severity_only,24.0,True,True,False,0.0
3,sudden,internal_only,24.0,True,True,False,0.0
3,sudden,internal_sig,25.0,True,False,False,-1.0
4,sudden,severity_only,24.0,True,True,False,0.0
4,sudden,internal_only,24.0,True,True,False,0.0
4,sudden,internal_sig,24.0,True,True,False,0.0
5,sudden,severity_only,24.0,True,True,False,0.0
5,sudden,internal_only,24.0,True,True,False,0.0
5,sudden,internal_sig,26.0,True,False,False,-2.0
6,sudden,severity_only,24.0,True,True,False,0.0
6,sudden,internal_only,24.0,True,True,False,0.0
6,sudden,internal_sig,25.0,True,False,False,-1.0
7,sudden,severity_only,24.0,True,True,False,0.0
7,sudden,internal_only,24.0,True,True,False,0.0
7,sudden,internal_sig,25.0,True,False,False,-1.0
8,sudden,severity_only,24.0,True,True,False,0.0
8,sudden,internal_only,24.0,True,True,False,0.0
8,sudden,internal_sig,25.0,True,False,False,-1.0
9,sudden,severity_only,24.0,True,True,False,0.0
9,sudden,internal_only,24.0,True,True,False,0.0
9,sudden,internal_sig,25.0,True,False,False,-1.0
10,sudden,severity_only,24.0,True,True,False,0.0
10,sudden,internal_only,24.0,True,True,False,0.0
10,sudden,internal_sig,25.0,True,False,False,-1.0
11,sudden,severity_only,24.0,True,True,False,0.0
11,sudden,internal_only,24.0,True,True,False,0.0
11,sudden,internal_sig,25.0,True,False,False,-1.0
12,sudden,severity_only,24.0,True,True,False,0.0
12,sudden,internal_only,24.0,True,True,False,0.0
12,sudden,internal_sig,26.0,True,False,False,-2.0
13,sudden,severity_only,24.0,True,True,False,0.0
13,sudden,internal_only,24.0,True,True,False,0.0
13,sudden,internal_sig,25.0,True,False,False,-1.0
14,sudden,severity_only,24.0,True,True,False,0.0
14,sudden,internal_only,24.0,True,True,False,0.0
14,sudden,internal_sig,25.0,True,False,False,-1.0
15,sudden,severity_only,24.0,True,True,False,0.0
15,sudden,internal_only,24.0,True,True,False,0.0
15,sudden,internal_sig,25.0,True,False,False,-1.0
16,sudden,severity_only,24.0,True,True,False,0.0
16,sudden,internal_only,24.0,True,True,False,0.0
16,sudden,internal_sig,25.0,True,False,False,-1.0
17,sudden,severity_only,24.0,True,True,False,0.0
17,sudden,internal_only,24.0,True,True,False,0.0
17,sudden,internal_sig,26.0,True,False,False,-2.0
18,sudden,severity_only,24.0,True,True,False,0.0
18,sudden,internal_only,24.0,True,True,False,0.0
18,sudden,internal_sig,24.0,True,True,False,0.0
19,sudden,severity_only,24.0,True,True,False,0.0
19,sudden,internal_only,24.0,True,True,False,0.0
19,sudden,internal_sig,25.0,True,False,False,-1.0
20,sudden,severity_only,24.0,True,True,False,0.0
20,sudden,internal_only,24.0,True,True,False,0.0
20,sudden,internal_sig,26.0,True,False,False,-2.0
21,sudden,severity_only,24.0,True,True,False,0.0
21,sudden,internal_only,24.0,True,True,False,0.0
21,sudden,internal_sig,26.0,True,False,False,-2.0
22,sudden,severity_only,24.0,True,True,False,0.0
22,sudden,internal_only,24.0,True,True,False,0.0
22,sudden,internal_sig,25.0,True,False,False,-1.0
23,sudden,severity_only,24.0,True,True,False,0.0
23,sudden,internal_only,24.0,True,True,False,0.0
23,sudden,internal_sig,25.0,True,False,False,-1.0
24,sudden,severity_only,24.0,True,True,False,0.0
24,sudden,internal_only,24.0,True,True,False,0.0
24,sudden,internal_sig,26.0,True,False,False,-2.0
25,sudden,severity_only,24.0,True,True,False,0.0
25,sudden,internal_only,24.0,True,True,False,0.0
25,sudden,internal_sig,25.0,True,False,False,-1.0
26,sudden,severity_only,24.0,True,True,False,0.0
26,sudden,internal_only,24.0,True,True,False,0.0
26,sudden,internal_sig,26.0,True,False,False,-2.0
27,sudden,severity_only,24.0,True,True,False,0.0
27,sudden,internal_only,24.0,True,True,False,0.0
27,sudden,internal_sig,25.0,True,False,False,-1.0
28,sudden,severity_only,24.0,True,True,False,0.0
28,sudden,internal_only,24.0,True,True,False,0.0
28,sudden,internal_sig,24.0,True,True,False,0.0
29,sudden,severity_only,24.0,True,True,False,0.0
29,sudden,internal_only,24.0,True,True,False,0.0
29,sudden,internal_sig,25.0,True,False,False,-1.0
30,sudden,severity_only,24.0,True,True,False,0.0
30,sudden,internal_only,24.0,True,True,False,0.0
30,sudden,internal_sig,26.0,True,False,False,-2.0
31,sudden,severity_only,24.0,True,True,False,0.0
31,sudden,internal_only,24.0,True,True,False,0.0
31,sudden,internal_sig,26.0,True,False,False,-2.0
32,sudden,severity_only,24.0,True,True,False,0.0
32,sudden,internal_only,24.0,True,True,False,0.0
32,sudden,internal_sig,25.0,True,False,False,-1.0
33,sudden,severity_only,24.0,True,True,False,0.0
33,sudden,internal_only,24.0,True,True,False,0.0
33,sudden,internal_sig,26.0,True,False,False,-2.0
34,sudden,severity_only,24.0,True,True,False,0.0
34,sudden,internal_only,24.0,True,True,False,0.0
34,sudden,internal_sig,25.0,True,False,False,-1.0
35,sudden,severity_only,24.0,True,True,False,0.0
35,sudden,internal_only,24.0,True,True,False,0.0
35,sudden,internal_sig,25.0,True,False,False,-1.0
36,sudden,severity_only,24.0,True,True,False,0.0
36,sudden,internal_only,24.0,True,True,False,0.0
36,sudden,internal_sig,25.0,True,False,False,-1.0
37,sudden,severity_only,24.0,True,True,False,0.0
37,sudden,internal_only,24.0,True,True,False,0.0
37,sudden,internal_sig,25.0,True,False,False,-1.0
38,sudden,severity_only,24.0,True,True,False,0.0
38,sudden,internal_only,24.0,True,True,False,0.0
38,sudden,internal_sig,25.0,True,False,False,-1.0
39,sudden,severity_only,24.0,True,True,False,0.0
39,sudden,internal_only,24.0,True,True,False,0.0
39,sudden,internal_sig,25.0,True,False,False,-1.0
40,sudden,severity_only,24.0,True,True,False,0.0
40,sudden,internal_only,24.0,True,True,False,0.0
40,sudden,internal_sig,25.0,True,False,False,-1.0
41,sudden,severity_only,24.0,True,True,False,0.0
41,sudden,internal_only,24.0,True,True,False,0.0
41,sudden,internal_sig,25.0,True,False,False,-1.0
42,sudden,severity_only,24.0,True,True,False,0.0
42,sudden,internal_only,24.0,True,True,False,0.0
42,sudden,internal_sig,25.0,True,False,False,-1.0
43,sudden,severity_only,24.0,True,True,False,0.0
43,sudden,internal_only,24.0,True,True,False,0.0
43,sudden,internal_sig,25.0,True,False,False,-1.0
44,sudden,severity_only,24.0,True,True,False,0.0
44,sudden,internal_only,24.0,True,True,False,0.0
44,sudden,internal_sig,25.0,True,False,False,-1.0
45,sudden,severity_only,24.0,True,True,False,0.0
45,sudden,internal_only,24.0,True,True,False,0.0
45,sudden,internal_sig,25.0,True,False,False,-1.0
46,sudden,severity_only,24.0,True,True,False,0.0
46,sudden,internal_only,24.0,True,True,False,0.0
46,sudden,internal_sig,25.0,True,False,False,-1.0
47,sudden,severity_only,24.0,True,True,False,0.0
47,sudden,internal_only,24.0,True,True,False,0.0
47,sudden,internal_sig,25.0,True,False,False,-1.0
48,sudden,severity_only,24.0,True,True,False,0.0
48,sudden,internal_only,24.0,True,True,False,0.0
48,sudden,internal_sig,25.0,True,False,False,-1.0
49,sudden,severity_only,24.0,True,True,False,0.0
49,sudden,internal_only,24.0,True,True,False,0.0
49,sudden,internal_sig,24.0,True,True,False,0.0
50,sudden,severity_only,24.0,True,True,False,0.0
50,sudden,internal_only,24.0,True,True,False,0.0
50,sudden,internal_sig,25.0,True,False,False,-1.0
51,sudden,severity_only,24.0,True,True,False,0.0
51,sudden,internal_only,24.0,True,True,False,0.0
51,sudden,internal_sig,25.0,True,False,False,-1.0
52,sudden,severity_only,24.0,True,True,False,0.0
52,sudden,internal_only,24.0,True,True,False,0.0
52,sudden,internal_sig,24.0,True,True,False,0.0
53,sudden,severity_only,24.0,True,True,False,0.0
53,sudden,internal_only,24.0,True,True,False,0.0
53,sudden,internal_sig,25.0,True,False,False,-1.0
54,sudden,severity_only,24.0,True,True,False,0.0
54,sudden,internal_only,24.0,True,True,False,0.0
54,sudden,internal_sig,25.0,True,False,False,-1.0
55,sudden,severity_only,24.0,True,True,False,0.0
55,sudden,internal_only,24.0,True,True,False,0.0
55,sudden,internal_sig,25.0,True,False,False,-1.0
56,sudden,severity_only,24.0,True,True,False,0.0
56,sudden,internal_only,24.0,True,True,False,0.0
56,sudden,internal_sig,26.0,True,False,False,-2.0
57,sudden,severity_only,24.0,True,True,False,0.0
57,sudden,internal_only,24.0,True,True,False,0.0
57,sudden,internal_sig,25.0,True,False,False,-1.0
58,sudden,severity_only,24.0,True,True,False,0.0
58,sudden,internal_only,24.0,True,True,False,0.0
58,sudden,internal_sig,25.0,True,False,False,-1.0
59,sudden,severity_only,24.0,True,True,False,0.0
59,sudden,internal_only,24.0,True,True,False,0.0
59,sudden,internal_sig,26.0,True,False,False,-2.0
60,sudden,severity_only,24.0,True,True,False,0.0
60,sudden,internal_only,24.0,True,True,False,0.0
60,sudden,internal_sig,25.0,True,False,False,-1.0
61,sudden,severity_only,24.0,True,True,False,0.0
61,sudden,internal_only,24.0,True,True,False,0.0
61,sudden,internal_sig,25.0,True,False,False,-1.0
62,sudden,severity_only,24.0,True,True,False,0.0
62,sudden,internal_only,24.0,True,True,False,0.0
62,sudden,internal_sig,25.0,True,False,False,-1.0
63,sudden,severity_only,24.0,True,True,False,0.0
63,sudden,internal_only,24.0,True,True,False,0.0
63,sudden,internal_sig,25.0,True,False,False,-1.0
64,sudden,severity_only,24.0,True,True,False,0.0
64,sudden,internal_only,24.0,True,True,False,0.0
64,sudden,internal_sig,26.0,True,False,False,-2.0
65,sudden,severity_only,24.0,True,True,False,0.0
65,sudden,internal_only,24.0,True,True,False,0.0
65,sudden,internal_sig,25.0,True,False,False,-1.0
66,sudden,severity_only,24.0,True,True,False,0.0
66,sudden,internal_only,24.0,True,True,False,0.0
66,sudden,internal_sig,25.0,True,False,False,-1.0
67,sudden,severity_only,24.0,True,True,False,0.0
67,sudden,internal_only,24.0,True,True,False,0.0
67,sudden,internal_sig,25.0,True,False,False,-1.0
68,sudden,severity_only,24.0,True,True,False,0.0
68,sudden,internal_only,24.0,True,True,False,0.0
68,sudden,internal_sig,27.0,True,False,False,-3.0
69,sudden,severity_only,24.0,True,True,False,0.0
69,sudden,internal_only,24.0,True,True,False,0.0
69,sudden,internal_sig,25.0,True,False,False,-1.0
70,sudden,severity_only,24.0,True,True,False,0.0
70,sudden,internal_only,24.0,True,True,False,0.0
70,sudden,internal_sig,25.0,True,False,False,-1.0
71,sudden,severity_only,24.0,True,True,False,0.0
71,sudden,internal_only,24.0,True,True,False,0.0
71,sudden,internal_sig,24.0,True,True,False,0.0
72,sudden,severity_only,24.0,True,True,False,0.0
72,sudden,internal_only,24.0,True,True,False,0.0
72,sudden,internal_sig,25.0,True,False,False,-1.0
73,sudden,severity_only,24.0,True,True,False,0.0
73,sudden,internal_only,24.0,True,True,False,0.0
73,sudden,internal_sig,25.0,True,False,False,-1.0
74,sudden,severity_only,24.0,True,True,False,0.0
74,sudden,internal_only,24.0,True,True,False,0.0
74,sudden,internal_sig,25.0,True,False,False,-1.0
75,sudden,severity_only,24.0,True,True,False,0.0
75,sudden,internal_only,24.0,True,True,False,0.0
75,sudden,internal_sig,26.0,True,False,False,-2.0
76,sudden,severity_only,24.0,True,True,False,0.0
76,sudden,internal_only,24.0,True,True,False,0.0
76,sudden,internal_sig,26.0,True,False,False,-2.0
77,sudden,severity_only,24.0,True,True,False,0.0
77,sudden,internal_only,24.0,True,True,False,0.0
77,sudden,internal_sig,25.0,True,False,False,-1.0
78,sudden,severity_only,24.0,True,True,False,0.0
78,sudden,internal_only,24.0,True,True,False,0.0
78,sudden,internal_sig,25.0,True,False,False,-1.0
79,sudden,severity_only,24.0,True,True,False,0.0
79,sudden,internal_only,24.0,True,True,False,0.0
79,sudden,internal_sig,26.0,True,False,False,-2.0
80,sudden,severity_only,24.0,True,True,False,0.0
80,sudden,internal_only,24.0,True,True,False,0.0
80,sudden,internal_sig,25.0,True,False,False,-1.0
81,sudden,severity_only,24.0,True,True,False,0.0
81,sudden,internal_only,24.0,True,True,False,0.0
81,sudden,internal_sig,24.0,True,True,False,0.0
82,sudden,severity_only,24.0,True,True,False,0.0
82,sudden,internal_only,24.0,True,True,False,0.0
82,sudden,internal_sig,25.0,True,False,False,-1.0
83,sudden,severity_only,24.0,True,True,False,0.0
83,sudden,internal_only,24.0,True,True,False,0.0
83,sudden,internal_sig,24.0,True,True,False,0.0
84,sudden,severity_only,24.0,True,True,False,0.0
84,sudden,internal_only,24.0,True,True,False,0.0
84,sudden,internal_sig,26.0,True,False,False,-2.0
85,sudden,severity_only,24.0,True,True,False,0.0
85,sudden,internal_only,24.0,True,True,False,0.0
85,sudden,internal_sig,25.0,True,False,False,-1.0
86,sudden,severity_only,24.0,True,True,False,0.0
86,sudden,internal_only,24.0,True,True,False,0.0
86,sudden,internal_sig,25.0,True,False,False,-1.0
87,sudden,severity_only,24.0,True,True,False,0.0
87,sudden,internal_only,24.0,True,True,False,0.0
87,sudden,internal_sig,24.0,True,True,False,0.0
88,sudden,severity_only,24.0,True,True,False,0.0
88,sudden,internal_only,24.0,True,True,False,0.0
88,sudden,internal_sig,25.0,True,False,False,-1.0
89,sudden,severity_only,24.0,True,True,False,0.0
89,sudden,internal_only,24.0,True,True,False,0.0
89,sudden,internal_sig,25.0,True,False,False,-1.0
90,sudden,severity_only,24.0,True,True,False,0.0
90,sudden,internal_only,24.0,True,True,False,0.0
90,sudden,internal_sig,25.0,True,False,False,-1.0
91,sudden,severity_only,24.0,True,True,False,0.0
91,sudden,internal_only,24.0,True,True,False,0.0
91,sudden,internal_sig,25.0,True,False,False,-1.0
92,sudden,severity_only,24.0,True,True,False,0.0
92,sudden,internal_only,24.0,True,True,False,0.0
92,sudden,internal_sig,25.0,True,False,False,-1.0
93,sudden,severity_only,24.0,True,True,False,0.0
93,sudden,internal_only,24.0,True,True,False,0.0
93,sudden,internal_sig,25.0,True,False,False,-1.0
94,sudden,severity_only,24.0,True,True,False,0.0
94,sudden,internal_only,24.0,True,True,False,0.0
94,sudden,internal_sig,25.0,True,False,False,-1.0
95,sudden,severity_only,24.0,True,True,False,0.0
95,sudden,internal_only,24.0,True,True,False,0.0
95,sudden,internal_sig,25.0,True,False,False,-1.0
96,sudden,severity_only,24.0,True,True,False,0.0
96,sudden,internal_only,24.0,True,True,False,0.0
96,sudden,internal_sig,24.0,True,True,False,0.0
97,sudden,severity_only,24.0,True,True,False,0.0
97,sudden,internal_only,24.0,True,True,False,0.0
97,sudden,internal_sig,25.0,True,False,False,-1.0
98,sudden,severity_only,24.0,True,True,False,0.0
98,sudden,internal_only,24.0,True,True,False,0.0
98,sudden,internal_sig,25.0,True,False,False,-1.0
99,sudden,severity_only,24.0,True,True,False,0.0
99,sudden,internal_only,24.0,True,True,False,0.0
99,sudden,internal_sig,26.0,True,False,False,-2.0
100,sudden,severity_only,24.0,True,True,False,0.0
100,sudden,internal_only,24.0,True,True,False,0.0
100,sudden,internal_sig,25.0,True,False,False,-1.0
101,sudden,severity_only,24.0,True,True,False,0.0
101,sudden,internal_only,24.0,True,True,False,0.0
101,sudden,internal_sig,25.0,True,False,False,-1.0
102,sudden,severity_only,24.0,True,True,False,0.0
102,sudden,internal_only,24.0,True,True,False,0.0
102,sudden,internal_sig,25.0,True,False,False,-1.0
103,sudden,severity_only,24.0,True,True,False,0.0
103,sudden,internal_only,24.0,True,True,False,0.0
103,sudden,internal_sig,25.0,True,False,False,-1.0
104,sudden,severity_only,24.0,True,True,False,0.0
104,sudden,internal_only,24.0,True,True,False,0.0
104,sudden,internal_sig,25.0,True,False,False,-1.0
105,sudden,severity_only,24.0,True,True,False,0.0
105,sudden,internal_only,24.0,True,True,False,0.0
105,sudden,internal_sig,25.0,True,False,False,-1.0
106,sudden,severity_only,24.0,True,True,False,0.0
106,sudden,internal_only,24.0,True,True,False,0.0
106,sudden,internal_sig,25.0,True,False,False,-1.0
107,sudden,severity_only,24.0,True,True,False,0.0
107,sudden,internal_only,24.0,True,True,False,0.0
107,sudden,internal_sig,25.0,True,False,False,-1.0
108,sudden,severity_only,24.0,True,True,False,0.0
108,sudden,internal_only,24.0,True,True,False,0.0
108,sudden,internal_sig,25.0,True,False,False,-1.0
109,sudden,severity_only,24.0,True,True,False,0.0
109,sudden,internal_only,24.0,True,True,False,0.0
109,sudden,internal_sig,25.0,True,False,False,-1.0
110,sudden,severity_only,24.0,True,True,False,0.0
110,sudden,internal_only,24.0,True,True,False,0.0
110,sudden,internal_sig,25.0,True,False,False,-1.0
111,sudden,severity_only,24.0,True,True,False,0.0
111,sudden,internal_only,24.0,True,True,False,0.0
111,sudden,internal_sig,25.0,True,False,False,-1.0
112,sudden,severity_only,24.0,True,True,False,0.0
112,sudden,internal_only,24.0,True,True,False,0.0
112,sudden,internal_sig,24.0,True,True,False,0.0
113,sudden,severity_only,24.0,True,True,False,0.0
113,sudden,internal_only,24.0,True,True,False,0.0
113,sudden,internal_sig,26.0,True,False,False,-2.0
114,sudden,severity_only,24.0,True,True,False,0.0
114,sudden,internal_only,24.0,True,True,False,0.0
114,sudden,internal_sig,25.0,True,False,False,-1.0
115,sudden,severity_only,24.0,True,True,False,0.0
115,sudden,internal_only,24.0,True,True,False,0.0
115,sudden,internal_sig,25.0,True,False,False,-1.0
116,sudden,severity_only,24.0,True,True,False,0.0
116,sudden,internal_only,24.0,True,True,False,0.0
116,sudden,internal_sig,26.0,True,False,False,-2.0
117,sudden,severity_only,24.0,True,True,False,0.0
117,sudden,internal_only,25.0,True,False,False,-1.0
117,sudden,internal_sig,26.0,True,False,False,-2.0
118,sudden,severity_only,24.0,True,True,False,0.0
118,sudden,internal_only,24.0,True,True,False,0.0
118,sudden,internal_sig,25.0,True,False,False,-1.0
119,sudden,severity_only,24.0,True,True,False,0.0
119,sudden,internal_only,24.0,True,True,False,0.0
119,sudden,internal_sig,26.0,True,False,False,-2.0
