scenario,view,within,late,eventual,preK,never,medfirst
gradual,severity_only,0.0,0.0,0.0,0.0,1.0,
gradual,internal_only,0.14166666666666666,0.8583333333333333,1.0,0.0,0.0,32.0
gradual,internal_sig,0.2833333333333333,0.7083333333333334,0.9916666666666667,0.008333333333333333,0.0,31.0
sudden,severity_only,1.0,0.0,1.0,0.0,0.0,24.0
sudden,internal_only,1.0,0.0,1.0,0.0,0.0,24.0
sudden,internal_sig,1.0,0.0,1.0,0.0,0.0,25.0
none,severity_only,0.008333333333333333,0.0,0.008333333333333333,0.025,0.9666666666666667,12.0
none,internal_only,0.016666666666666666,0.03333333333333333,0.05,0.05,0.9,21.0
none,internal_sig,0.008333333333333333,0.05,0.058333333333333334,0.0,0.9416666666666667,32.0
