quarter,quarter_start,exposure,claim_count,total_loss,mean_severity,frequency,sev_logret,is_inflection_onset
0,2015-01-01,33546.2,1988,30260151.46,15221.4,0.05926,0.0,False
1,2015-04-01,33854.2,1926,29251336.49,15187.61,0.05689,-0.00222,False
2,2015-07-01,34105.7,2045,31353172.21,15331.62,0.05996,0.00944,False
3,2015-10-01,34350.8,2094,32794716.83,15661.28,0.06096,0.02127,False
4,2016-01-01,34719.0,2148,33115805.47,15417.04,0.06187,-0.01572,False
5,2016-04-01,34940.4,2182,33651701.15,15422.41,0.06245,0.00035,False
6,2016-07-01,35149.3,2133,33321762.39,15622.02,0.06068,0.01286,False
7,2016-10-01,35488.9,2180,34682355.37,15909.34,0.06143,0.01822,False
8,2017-01-01,35793.5,2153,34708923.42,16121.19,0.06015,0.01323,False
9,2017-04-01,36055.7,2229,35602101.16,15972.23,0.06182,-0.00928,False
10,2017-07-01,36261.5,2212,36501422.92,16501.55,0.061,0.0326,False
11,2017-10-01,36584.5,2191,36362692.51,16596.39,0.05989,0.00573,False
12,2018-01-01,36952.2,2261,36696661.82,16230.28,0.06119,-0.02231,False
13,2018-04-01,37195.3,2296,38136496.21,16609.97,0.06173,0.02312,False
14,2018-07-01,37558.2,2259,37902266.06,16778.34,0.06015,0.01009,False
15,2018-10-01,37868.9,2339,39990418.82,17097.23,0.06177,0.01883,False
16,2019-01-01,38181.9,2234,38514848.4,17240.31,0.05851,0.00833,False
17,2019-04-01,38457.4,2299,39524592.69,17192.08,0.05978,-0.0028,False
18,2019-07-01,38684.2,2346,40913187.1,17439.55,0.06064,0.01429,False
19,2019-10-01,39039.6,2338,41967033.5,17949.97,0.05989,0.02885,False
20,2020-01-01,39391.6,2429,42335324.68,17429.12,0.06166,-0.02945,False
21,2020-04-01,39714.0,2358,43378129.95,18396.15,0.05937,0.054,False
22,2020-07-01,39954.2,2322,43161378.89,18588.02,0.05812,0.01038,False
23,2020-10-01,40430.4,2378,43609197.5,18338.6,0.05882,-0.01351,False
24,2021-01-01,40745.1,2502,45938154.48,18360.57,0.06141,0.0012,True
25,2021-04-01,41134.3,2504,46641324.28,18626.73,0.06087,0.01439,False
26,2021-07-01,41379.2,2433,45302926.6,18620.19,0.0588,-0.00035,False
27,2021-10-01,41710.4,2527,48910602.94,19355.2,0.06058,0.03871,False
28,2022-01-01,42025.0,2549,48641407.29,19082.55,0.06065,-0.01419,False
29,2022-04-01,42348.1,2606,52542386.69,20162.08,0.06154,0.05503,False
30,2022-07-01,42678.9,2660,53004155.01,19926.37,0.06233,-0.01176,False
31,2022-10-01,43110.1,2645,52438875.8,19825.66,0.06135,-0.00507,False
32,2023-01-01,43415.0,2540,52365909.02,20616.5,0.05851,0.03911,False
33,2023-04-01,43666.1,2687,58129870.36,21633.74,0.06154,0.04816,False
34,2023-07-01,43984.8,2665,58620121.25,21996.29,0.06059,0.01662,False
35,2023-10-01,44393.0,2640,58995923.46,22346.94,0.05947,0.01582,False
36,2024-01-01,44778.1,2614,58851566.33,22513.99,0.05838,0.00745,False
37,2024-04-01,45235.2,2707,61723629.21,22801.49,0.05984,0.01269,False
38,2024-07-01,45646.4,2770,65770408.75,23743.83,0.06068,0.0405,False
39,2024-10-01,46053.3,2729,62685629.47,22970.18,0.05926,-0.03313,False
