quarter,quarter_start,actual_mean_severity,baseline_trend_fit,pct_above_baseline,bocpd_alarm_prob,prism_alarm_prob
0,2015-01-01,15221.4,15083.48,0.91,1.0,1.0
1,2015-04-01,15187.61,15198.69,-0.07,1.0,1.0
2,2015-07-01,15331.62,15314.78,0.11,1.0,1.0
3,2015-10-01,15661.28,15431.75,1.49,0.138,0.14
4,2016-01-01,15417.04,15549.62,-0.85,0.128,0.128
5,2016-04-01,15422.41,15668.39,-1.57,0.123,0.124
6,2016-07-01,15622.02,15788.07,-1.05,0.123,0.123
7,2016-10-01,15909.34,15908.66,0.0,0.128,0.13
8,2017-01-01,16121.19,16030.17,0.57,0.128,0.13
9,2017-04-01,15972.23,16152.61,-1.12,0.119,0.119
10,2017-07-01,16501.55,16275.98,1.39,0.13,0.132
11,2017-10-01,16596.39,16400.3,1.2,0.122,0.123
12,2018-01-01,16230.28,16525.56,-1.79,0.133,0.136
13,2018-04-01,16609.97,16651.79,-0.25,0.123,0.124
14,2018-07-01,16778.34,16778.97,-0.0,0.12,0.121
15,2018-10-01,17097.23,16907.13,1.12,0.125,0.127
16,2019-01-01,17240.31,17036.27,1.2,0.116,0.122
17,2019-04-01,17192.08,17166.39,0.15,0.115,0.165
18,2019-07-01,17439.55,17297.51,0.82,0.114,0.172
19,2019-10-01,17949.97,17429.63,2.99,0.127,0.204
20,2020-01-01,17429.12,17562.76,-0.76,0.14,0.202
21,2020-04-01,18396.15,17696.9,3.95,0.169,0.169
22,2020-07-01,18588.02,17832.07,4.24,0.142,0.13
23,2020-10-01,18338.6,17968.27,2.06,0.132,0.117
24,2021-01-01,18360.57,18105.52,1.41,0.127,0.122
25,2021-04-01,18626.73,18243.81,2.1,0.117,0.12
26,2021-07-01,18620.19,18383.15,1.29,0.114,0.234
27,2021-10-01,19355.2,18523.57,4.49,0.135,0.271
28,2022-01-01,19082.55,18665.05,2.24,0.122,0.212
29,2022-04-01,20162.08,18807.61,7.2,0.177,0.349
30,2022-07-01,19926.37,18951.27,5.15,0.129,0.252
31,2022-10-01,19825.66,19096.02,3.82,0.132,0.29
32,2023-01-01,20616.5,19241.87,7.14,0.129,0.31
33,2023-04-01,21633.74,19388.84,11.58,0.205,0.545
34,2023-07-01,21996.29,19536.94,12.59,0.172,0.695
35,2023-10-01,22346.94,19686.16,13.52,0.124,0.826
36,2024-01-01,22513.99,19836.52,13.5,0.116,0.937
37,2024-04-01,22801.49,19988.04,14.08,0.114,0.98
38,2024-07-01,23743.83,20140.71,17.89,0.123,0.994
39,2024-10-01,22970.18,20294.54,13.18,0.183,0.998
